"window","mean.pairwise.wrf","first.last.wrf","first.last.dist","decay.to.first","num.trees","num.uniq.trees","marker.slopes","recomb.level"
"chr1:1-5000000",NA,0.347059806738245,1810000,-0.0212537897687878,81,26,9.82415457405815e-08,NA
"chr1:5000001-10000000",NA,0.295972912999864,4980000,0.0213513059929242,147,43,5.32078953911323e-08,NA
"chr1:10000001-15000000",NA,0.279556598750867,4920000,0.00533619675507114,291,54,5.51535875134206e-07,NA
"chr1:15000001-20000000",NA,0.298183166459847,4950000,-0.0129890350575041,238,54,3.73322576291144e-07,NA
"chr1:20000001-25000000",NA,0.361807232249213,4910000,-0.00796368078837339,321,40,1.07045648509129e-06,NA
"chr1:25000001-30000000",NA,0.285839860670371,4930000,0.0527877517752823,245,64,1.1998454975726e-07,NA
"chr1:30000001-35000000",NA,0.303168870945109,4970000,-0.00260383357274933,279,55,4.95451466826876e-07,NA
"chr1:35000001-40000000",NA,0.414842986861272,4970000,0.00245274202573937,354,43,9.50997298472053e-07,NA
"chr1:40000001-45000000",NA,0.239309057001883,4840000,0.00937227290134765,350,46,1.14833058842156e-06,NA
"chr1:45000001-50000000",NA,0.217224816487243,4940000,-0.00538627783467472,187,61,6.26871850908795e-07,NA
"chr1:50000001-55000000",NA,0.198540029145762,4960000,0.00537648320996479,300,45,3.87332367457348e-07,NA
"chr1:55000001-60000000",NA,0.211126437328617,4990000,-0.00104625648466852,356,46,4.15548714756856e-07,NA
"chr1:60000001-65000000",NA,0.21537904708721,4980000,0.0103807811043106,391,37,6.00077576603089e-07,NA
"chr1:65000001-70000000",NA,0.240275365236153,4940000,-0.00653850610612663,353,46,3.80375013554809e-07,NA
"chr1:70000001-75000000",NA,0.233661492785658,4970000,0.00727676460412131,403,56,8.46255097046755e-07,NA
"chr1:75000001-80000000",NA,0.228114008521096,4990000,0.00147430250396542,374,37,4.87920446967579e-07,NA
"chr1:80000001-85000000",NA,0.374678137420541,4940000,0.0117809986969863,389,52,4.89251488923533e-07,NA
"chr1:85000001-90000000",NA,0.967676416122409,4960000,0.0337498188339872,391,64,3.58757001250329e-07,NA
"chr1:90000001-95000000",NA,0.178009544783221,4980000,0.0258186785505964,391,53,5.1940835742788e-07,NA
"chr1:95000001-100000000",NA,0.684432390581581,4980000,0.0660318290324519,193,51,0,NA
"chr1:100000001-105000000",NA,0.574955402050512,4960000,0.0792057688528288,175,70,9.95445195191018e-08,NA
"chr1:105000001-110000000",NA,0.242828077202214,4960000,0.0295037551444742,232,48,2.81587872129329e-07,NA
"chr1:110000001-115000000",NA,0.286633196143064,4970000,0.0137258126169259,126,61,4.20582361458172e-08,NA
"chr1:115000001-120000000",NA,0.328101446286931,4980000,0.0111410509454919,201,45,1.71482574313039e-07,NA
"chr1:120000001-125000000",NA,0.22950253938837,4990000,0.0216135997734677,267,55,4.47271106515733e-07,NA
"chr1:125000001-130000000",NA,0.187779107575171,4980000,0.00338041897955711,345,46,5.07702035940725e-07,NA
"chr1:130000001-135000000",NA,0.141442462225493,4950000,0.000698806473110459,390,54,3.61724713673679e-07,NA
"chr1:135000001-140000000",NA,0.740828180122357,4880000,0.012377677651665,366,54,6.82994532871157e-07,NA
"chr1:140000001-145000000",NA,0.519821080011596,4880000,0.0274635699916345,220,57,2.28468353081442e-07,NA
"chr1:145000001-150000000",NA,0.428984102365863,4980000,0.00634721177130731,227,57,6.33774293134149e-08,NA
"chr1:150000001-155000000",NA,0.328377542295117,4970000,0.0046207177064351,386,62,5.39049704183463e-07,NA
"chr1:155000001-160000000",NA,0.182356771031102,4990000,0.00356878448615777,407,59,4.09645064851933e-07,NA
"chr1:160000001-165000000",NA,0.265111886000857,4990000,-0.00147182468154984,387,55,2.67475279572648e-07,NA
"chr1:165000001-170000000",NA,0.278110447600739,4990000,0.00291308613973,374,42,7.55570813451751e-07,NA
"chr1:170000001-175000000",NA,0.160566562990643,4990000,0.032157071427039,318,60,8.48246953012025e-07,NA
"chr1:175000001-180000000",NA,0.271450136592006,4970000,-0.00419880314434533,375,54,4.79473449467384e-07,NA
"chr1:180000001-185000000",NA,0.224705393461381,4960000,-0.00825211253866455,405,60,1.08376744414969e-06,NA
"chr1:185000001-190000000",NA,0.225211809458996,4990000,-0.00542527464072612,445,54,1.40526645663842e-06,NA
"chr1:190000001-195000000",NA,0.283809684697085,4980000,-0.000653915815191868,420,43,5.92234266936897e-07,NA
"chr10:1-5000000",NA,0.906306824381863,1890000,0.0388714735419279,140,34,0,NA
"chr10:5000001-10000000",NA,0.211881686242134,4970000,0.00168665813275266,346,52,3.27114508026535e-07,NA
"chr10:10000001-15000000",NA,0.317091902777713,4930000,-0.00153679667215331,338,43,5.22013124583529e-07,NA
"chr10:15000001-20000000",NA,0.323532021492862,4960000,-0.000279091784147105,296,52,6.49160183850671e-07,NA
"chr10:20000001-25000000",NA,0.33284786874307,4980000,0.0100131111227088,379,56,5.00772668133488e-07,NA
"chr10:25000001-30000000",NA,0.26990903124584,4980000,0.0197354926019004,318,54,1.11302805852016e-06,NA
"chr10:30000001-35000000",NA,0.324373242191555,4950000,0.0101371543287896,235,55,4.94544164867671e-07,NA
"chr10:35000001-40000000",NA,0.387147578751027,4970000,0.0176029475229163,253,51,NA,NA
"chr10:40000001-45000000",NA,0.190534297330306,4990000,-0.00388381823728183,364,51,3.02012690787952e-07,NA
"chr10:45000001-50000000",NA,0.308571089004684,4990000,0.000641363175712677,176,38,2.73460931497064e-07,NA
"chr10:50000001-55000000",NA,0.351513166985005,4940000,0.00838007762938955,256,49,NA,NA
"chr10:55000001-60000000",NA,0.299143400713797,4950000,0.00127070322806664,276,43,NA,NA
"chr10:60000001-65000000",NA,0.381942724104984,4990000,0.00737586847190416,382,67,7.21942888720423e-07,NA
"chr10:65000001-70000000",NA,0.352615399763925,4990000,0.0210317192943722,381,59,4.3167545359141e-07,NA
"chr10:70000001-75000000",NA,0.304668379654872,4990000,-0.002683692633689,365,56,3.78619839630113e-07,NA
"chr10:75000001-80000000",NA,0.284541915780151,4990000,0.0242030503893037,347,58,6.99443128234768e-07,NA
"chr10:80000001-85000000",NA,0.196877274649705,4990000,-0.00838950270023599,351,53,7.50916470747824e-07,NA
"chr10:85000001-90000000",NA,0.373889894116157,4970000,-0.00513567403742436,385,69,7.89752490515903e-07,NA
"chr10:90000001-95000000",NA,0.297431486441344,4980000,-0.0130124177830536,407,51,9.50228548759863e-07,NA
"chr10:95000001-100000000",NA,0.277957136395316,4990000,0.00316171995251084,384,63,4.315311153682e-07,NA
"chr10:100000001-105000000",NA,0.14712072744914,4980000,0.0189502451520441,265,60,7.51933124554864e-07,NA
"chr10:105000001-110000000",NA,0.274936253421362,4990000,0.0137769213088922,379,72,5.46528788699611e-07,NA
"chr10:110000001-115000000",NA,0.373956421042187,4980000,-0.000381810203647672,348,64,1.00434623378208e-06,NA
"chr10:115000001-120000000",NA,0.295782843481171,4980000,0.0110860258358073,410,90,1.07048808058624e-06,NA
"chr10:120000001-125000000",NA,0.384771090246765,4990000,0.00174407687971618,382,69,1.20683115693733e-06,NA
"chr10:125000001-130000000",NA,0.772305877376203,4980000,0.0176459771972142,322,48,1.23122716177506e-06,NA
"chr10:130000001-130694993",NA,0.968499437813902,580000,0.24343376506205,25,22,NA,NA
"chr11:1-5000000",NA,0.908048162964252,1840000,0.0190135967991009,140,31,NA,NA
"chr11:5000001-10000000",NA,0.181002921644005,4990000,-0.0052233319307334,314,49,5.91943862096289e-07,NA
"chr11:10000001-15000000",NA,0.276471625023467,4960000,0.00957195568328538,213,53,5.44020291643076e-07,NA
"chr11:15000001-20000000",NA,0.356010589027579,4950000,0.027416040698663,268,32,8.10653272059934e-07,NA
"chr11:20000001-25000000",NA,0.266840154394843,4990000,0.00461997143670325,307,40,4.71410750999477e-07,NA
"chr11:25000001-30000000",NA,0.270656623360816,4930000,0.00427666224006848,255,39,2.93712911110774e-07,NA
"chr11:30000001-35000000",NA,0.153523693898772,4970000,-0.00870948501479154,344,56,4.45177137046059e-07,NA
"chr11:35000001-40000000",NA,0.305156301395902,4960000,0.0266663009596188,419,40,6.75486467507053e-07,NA
"chr11:40000001-45000000",NA,0.264157680797412,4990000,-0.00929785920727416,353,46,5.06282592795521e-07,NA
"chr11:45000001-50000000",NA,0.260631365641939,4980000,0.023152601422652,362,60,4.03364221436709e-07,NA
"chr11:50000001-55000000",NA,0.334147156205581,4990000,0.00261150129598749,377,56,3.30199369278806e-07,NA
"chr11:55000001-60000000",NA,0.126896850393514,4990000,0.0139686209552144,382,53,1.16460903407684e-06,NA
"chr11:60000001-65000000",NA,0.197988606842567,4990000,0.0122395506203411,382,53,6.11937455542014e-07,NA
"chr11:65000001-70000000",NA,0.233395469639643,4990000,0.0114313180355837,419,40,5.48677848758326e-07,NA
"chr11:70000001-75000000",NA,0.165174794395801,4990000,0.00841779381144622,321,55,6.88873393793785e-07,NA
"chr11:75000001-80000000",NA,0.182081687412396,4980000,0.00472285920959434,405,45,2.62742055076536e-07,NA
"chr11:80000001-85000000",NA,0.388734968367247,4980000,0.0109088414372955,422,52,5.75791582885206e-07,NA
"chr11:85000001-90000000",NA,0.480226513606935,4990000,0.0091112202279991,392,49,8.22441204494825e-07,NA
"chr11:90000001-95000000",NA,0.186082850839528,4990000,0.0247957835037789,372,59,9.60540769174716e-07,NA
"chr11:95000001-100000000",NA,0.235133520313492,4990000,0.0309488522101628,414,65,1.02630187096811e-06,NA
"chr11:100000001-105000000",NA,0.100209053092797,4970000,0.0120858268929452,396,51,1.04873413394452e-06,NA
"chr11:105000001-110000000",NA,0.196783024970123,4970000,0.0065463663097879,392,54,8.96210269539878e-07,NA
"chr11:110000001-115000000",NA,0.660747718221358,4950000,-0.00511769221352823,435,51,1.56551217396691e-06,NA
"chr11:115000001-120000000",NA,0.818222574399458,4990000,0.014253515841914,447,67,8.1335888763054e-07,NA
"chr11:120000001-122082543",NA,0.954153849560464,1930000,0.0154262512153556,160,26,1.84239640212516e-06,NA
"chr12:1-5000000",NA,0.94502696890088,1970000,0.0401957114709336,137,49,1.13714416680535e-07,NA
"chr12:5000001-10000000",NA,0.459007950449765,4990000,-0.009816410213598,357,38,4.14165091797283e-07,NA
"chr12:10000001-15000000",NA,0.198594415871017,4980000,0.0028532964934722,344,45,4.29613812549809e-07,NA
"chr12:15000001-20000000",NA,0.885609485357627,4950000,0.201302909321422,277,93,5.02902926290001e-07,NA
"chr12:20000001-25000000",NA,0.994985111489187,4980000,0.041991460152496,183,115,NA,NA
"chr12:25000001-30000000",NA,0.248037636859407,4990000,0.00625389385691126,429,47,7.37456114107008e-07,NA
"chr12:30000001-35000000",NA,0.299236904349275,4990000,0.0156130120550158,359,44,5.36908148620323e-07,NA
"chr12:35000001-40000000",NA,0.170677506917998,4990000,0.0124756940713354,327,43,5.8607295369467e-07,NA
"chr12:40000001-45000000",NA,0.260975722284414,4980000,0.0140383076870356,305,46,5.47128682931077e-07,NA
"chr12:45000001-50000000",NA,0.157798962622194,4990000,0.0155726498406954,225,44,2.06138889540111e-07,NA
"chr12:50000001-55000000",NA,0.303966251560777,4980000,0.00762796747193084,362,45,3.54318602867088e-07,NA
"chr12:55000001-60000000",NA,0.292755601689348,4970000,-0.0631768158843871,304,58,5.38067974046657e-07,NA
"chr12:60000001-65000000",NA,0.232270541607047,4990000,-0.000462094949546583,170,46,1.5756947295251e-07,NA
"chr12:65000001-70000000",NA,0.18317425628724,4970000,0.00134144129042003,299,53,4.30618674844277e-07,NA
"chr12:70000001-75000000",NA,0.145695946472995,4980000,-0.0022863519321075,385,46,8.19493460072986e-07,NA
"chr12:75000001-80000000",NA,0.175541801412802,4990000,-0.0114760444016072,369,36,7.34525536154159e-07,NA
"chr12:80000001-85000000",NA,0.274087240518875,4970000,0.012603204430397,401,53,6.52624280005593e-07,NA
"chr12:85000001-90000000",NA,0.187141902934864,4980000,0.0232245336190493,375,60,1.03654297197436e-06,NA
"chr12:90000001-95000000",NA,0.121518629059979,4980000,0.0336165392733475,328,61,3.78110493398685e-07,NA
"chr12:95000001-100000000",NA,0.273683041251008,4980000,-0.000404393031359092,348,57,1.03932446629832e-06,NA
"chr12:100000001-105000000",NA,0.156967142832701,4990000,0.0411307439576104,374,68,8.71351268397855e-07,NA
"chr12:105000001-110000000",NA,0.266828028820373,4970000,-0.0333991925999796,407,53,1.11796650010076e-06,NA
"chr12:110000001-115000000",NA,0.914891301247867,4970000,0.0770910075512928,315,87,4.75617368297633e-07,NA
"chr12:115000001-120000000",NA,0.926528980429526,4960000,0.0894869175521342,300,58,2.80489860474839e-07,NA
"chr13:1-5000000",NA,0.964326523385179,1970000,0.095789558391926,85,45,NA,NA
"chr13:5000001-10000000",NA,0.184513882454274,4990000,0.0059342971302773,313,48,2.30075095500364e-07,NA
"chr13:10000001-15000000",NA,0.274990086351495,4880000,0.0295634762774694,289,58,3.61913083253392e-07,NA
"chr13:15000001-20000000",NA,0.310911781935447,4990000,0.0177674246879388,281,47,3.81979154696687e-07,NA
"chr13:20000001-25000000",NA,0.22263706150111,4990000,0.0220658004637673,327,74,8.4828729944708e-07,NA
"chr13:25000001-30000000",NA,0.27233533144969,4980000,0.0106618989319009,313,58,NA,NA
"chr13:30000001-35000000",NA,0.266217594962619,4990000,0.0259372245411303,347,63,NA,NA
"chr13:35000001-40000000",NA,0.250383601280196,4960000,-0.00214294126385041,387,54,1.16971610767743e-06,NA
"chr13:40000001-45000000",NA,0.220468385878743,4990000,0.00757318931523846,426,57,3.25398045856612e-07,NA
"chr13:45000001-50000000",NA,0.855504950532046,4970000,0.0124638484320563,407,62,1.11485916780034e-06,NA
"chr13:50000001-55000000",NA,0.976940807647424,4990000,0.0764975205032081,366,91,9.45192862844203e-07,NA
"chr13:55000001-60000000",NA,0.205061869210885,4990000,0.00640079309561107,434,60,4.54223602037471e-07,NA
"chr13:60000001-65000000",NA,0.370123191626948,4960000,0.0121381260344438,279,80,2.37239055593663e-07,NA
"chr13:65000001-70000000",NA,0.266773077929155,4980000,-0.113944781610578,242,91,3.14378306475898e-07,NA
"chr13:70000001-75000000",NA,0.274145637279064,4990000,0.0208754855739953,397,55,1.07778675190286e-06,NA
"chr13:75000001-80000000",NA,0.387900577158728,4900000,0.0175765514200857,219,37,1.97648096344642e-07,NA
"chr13:80000001-85000000",NA,0.366519489590965,4950000,-0.00639788186151846,273,39,6.63044019381031e-07,NA
"chr13:85000001-90000000",NA,0.272590555748759,4870000,-0.00104970995598418,156,43,9.68212571332418e-08,NA
"chr13:90000001-95000000",NA,0.374240419281836,4990000,0.00356437446317536,353,48,6.69119903459308e-07,NA
"chr13:95000001-100000000",NA,0.31273758196438,4990000,-0.000706230181022483,394,56,7.26967002191027e-07,NA
"chr13:100000001-105000000",NA,0.343718249640349,4980000,-0.0158565867414561,355,64,9.53483047094405e-07,NA
"chr13:105000001-110000000",NA,0.189657320684039,4990000,-0.0074372018923932,359,52,7.98969755865154e-07,NA
"chr13:110000001-115000000",NA,0.308498705237997,4990000,0.006380391885897,409,62,4.09252093317088e-07,NA
"chr13:115000001-120000000",NA,0.972612524448432,4990000,0.0106809654329693,331,65,7.30468347296754e-07,NA
"chr13:120000001-120421639",NA,0.677053901022098,300000,0.0185233637140997,15,15,NA,NA
"chr14:1-5000000",NA,0.530232831608655,1950000,-0.0203715740830193,29,28,NA,NA
"chr14:5000001-10000000",NA,0.975570526312281,4950000,0.104153744233435,210,79,5.95064339056715e-07,NA
"chr14:10000001-15000000",NA,0.178091956863058,4990000,0.00677004961418777,319,43,2.44766478173655e-07,NA
"chr14:15000001-20000000",NA,0.240701879422544,4990000,0.0477909125306514,252,57,3.25433543012829e-07,NA
"chr14:20000001-25000000",NA,0.224308731340296,4990000,0.0150478227002444,409,43,7.0713711229376e-07,NA
"chr14:25000001-30000000",NA,0.252675183541072,4990000,-0.0116917739733246,403,44,5.11019604502627e-07,NA
"chr14:30000001-35000000",NA,0.229536509652701,4990000,-0.00716746499316226,412,46,5.41966282446244e-07,NA
"chr14:35000001-40000000",NA,0.3068831677629,4950000,0.0314429573701655,279,44,3.92447811437891e-07,NA
"chr14:40000001-45000000",NA,0.319154897226082,4990000,0.189838320482755,189,131,5.88155726947994e-08,NA
"chr14:45000001-50000000",NA,0.752053801147178,4930000,0.0034942194519555,370,50,5.79337015422692e-07,NA
"chr14:50000001-55000000",NA,0.59883991756794,4960000,0.00915976476400831,239,90,NA,NA
"chr14:55000001-60000000",NA,0.279467138345237,4990000,-0.00304453623624824,337,54,9.23191255545185e-07,NA
"chr14:60000001-65000000",NA,0.140963743525731,4990000,-0.0097453577269794,406,47,4.31819359141595e-07,NA
"chr14:65000001-70000000",NA,0.245833367775708,4990000,0.0466844898279919,396,73,4.62510203179869e-07,NA
"chr14:70000001-75000000",NA,0.227414090757825,4990000,0.00859497724147089,360,50,7.61078476757981e-07,NA
"chr14:75000001-80000000",NA,0.371368129742211,4990000,0.00360298761380668,409,57,6.13536551269503e-07,NA
"chr14:80000001-85000000",NA,0.320394334295742,4990000,0.0603708181408736,226,57,1.81927733980876e-07,NA
"chr14:85000001-90000000",NA,0.316586758841593,4980000,0.00270740851357935,287,49,2.49101944893525e-07,NA
"chr14:90000001-95000000",NA,0.245624930787032,4990000,-0.00150548036720074,256,62,3.49053723941139e-07,NA
"chr14:95000001-100000000",NA,0.407335215354736,4980000,0.0261644503700711,320,54,7.83903946497564e-07,NA
"chr14:100000001-105000000",NA,0.324633325392189,4970000,0.00371647439191211,376,46,5.49541353082888e-35,NA
"chr14:105000001-110000000",NA,0.400907662798272,4940000,0.0409054579167159,254,64,2.65484232639557e-07,NA
"chr14:110000001-115000000",NA,0.397410255573535,4960000,-0.000645671912471059,237,72,3.64743237171358e-07,NA
"chr14:115000001-120000000",NA,0.32514260104389,4980000,-0.00959499563011211,394,58,9.66633350628147e-07,NA
"chr14:120000001-124902244",NA,0.206264141692574,4660000,-0.00415024247743802,332,51,4.16404886493462e-07,NA
"chr15:1-5000000",NA,0.941272465596625,1850000,0.0292558444511308,104,41,1.13720767846516e-07,NA
"chr15:5000001-10000000",NA,0.258841123407597,4970000,0.00135924565073953,337,59,5.92749590026228e-07,NA
"chr15:10000001-15000000",NA,0.464022053023963,4910000,0.0014992945557882,342,57,5.42910685937633e-07,NA
"chr15:15000001-20000000",NA,0.359672932429173,4970000,-0.00117355307833621,240,71,1.20975198671587e-07,NA
"chr15:20000001-25000000",NA,0.342014729160205,4970000,0.00489466556448353,261,68,1.94789428089331e-07,NA
"chr15:25000001-30000000",NA,0.227338266095899,4960000,0.00701230198803995,348,54,7.40445102678985e-07,NA
"chr15:30000001-35000000",NA,0.15871097038063,4950000,0.00721798886320995,318,41,4.85524519550121e-07,NA
"chr15:35000001-40000000",NA,0.208395752772767,4990000,0.0020909345065921,334,46,2.8218147883679e-07,NA
"chr15:40000001-45000000",NA,0.191297103525694,4990000,0.0040162432172867,333,45,2.98992000496506e-07,NA
"chr15:45000001-50000000",NA,0.238621599177286,4940000,-0.00296937909659888,184,56,3.11260962178594e-07,NA
"chr15:50000001-55000000",NA,0.236278310948583,4980000,-0.00268426382954987,344,44,6.09382843371853e-07,NA
"chr15:55000001-60000000",NA,0.225165766729527,4980000,0.000802634861413281,381,51,7.85262567798563e-07,NA
"chr15:60000001-65000000",NA,0.251125645243163,4980000,0.00299082999433433,360,49,8.76344880924304e-07,NA
"chr15:65000001-70000000",NA,0.275171211724759,4910000,-0.00745986228703416,344,53,4.60696613300551e-07,NA
"chr15:70000001-75000000",NA,0.912005942442055,4980000,0.0241052557576753,391,54,5.37305830418573e-07,NA
"chr15:75000001-80000000",NA,0.941097814751061,4950000,0.0371061582898988,388,76,7.83839361708743e-07,NA
"chr15:80000001-85000000",NA,0.220291619222248,4990000,0.00555787643171567,388,63,5.30570757982038e-07,NA
"chr15:85000001-90000000",NA,0.401093254796348,4970000,0.00715562598807963,405,45,1.16059873047773e-06,NA
"chr15:90000001-95000000",NA,0.35936852874703,4980000,0.0119973669745219,399,62,7.34741477350872e-07,NA
"chr15:95000001-100000000",NA,0.476679130905094,4980000,-0.000520455311444258,374,69,1.46140321786895e-06,NA
"chr15:100000001-104043685",NA,0.295455778383789,3910000,0.0307286723549254,301,51,8.00570521368893e-07,NA
"chr16:1-5000000",NA,0.973613482714571,1820000,0.061078766470081,102,32,NA,NA
"chr16:5000001-10000000",NA,0.170024421077401,4980000,0.00889672837563182,377,45,6.34505206459302e-07,NA
"chr16:10000001-15000000",NA,0.294629346291262,4980000,0.00675279930400504,333,57,1.17890568009334e-06,NA
"chr16:15000001-20000000",NA,0.226707054488758,4980000,0.0145168965858553,242,47,4.93326133745716e-07,NA
"chr16:20000001-25000000",NA,0.247719696740709,4900000,-0.00703286571572703,351,41,1.02894612210518e-06,NA
"chr16:25000001-30000000",NA,0.178920825764392,4980000,-0.000738273430268808,330,48,7.45809731866171e-07,NA
"chr16:30000001-35000000",NA,0.199150183438636,4990000,-0.00209866605319604,394,64,8.46890239799496e-07,NA
"chr16:35000001-40000000",NA,0.214198941657921,4990000,-0.00854811103351876,353,61,4.87931296873993e-07,NA
"chr16:40000001-45000000",NA,0.251153186693918,4990000,-0.00138948303189235,408,47,2.01981066256793e-07,NA
"chr16:45000001-50000000",NA,0.265400312794218,4990000,0.00124536391645234,301,55,2.56700122715946e-07,NA
"chr16:50000001-55000000",NA,0.294188209794131,4980000,0.0219946340359271,305,60,4.54723224973065e-07,NA
"chr16:55000001-60000000",NA,0.237080677450582,4970000,0.0141674133781216,309,51,3.12261243446768e-07,NA
"chr16:60000001-65000000",NA,0.363657207638695,4950000,-0.00100787678572561,293,56,2.50437334241469e-07,NA
"chr16:65000001-70000000",NA,0.229101250504843,4990000,0.0418187446132323,310,66,6.61894350466348e-07,NA
"chr16:70000001-75000000",NA,0.280012407475533,4990000,0.0112904193846811,384,69,5.70786774540481e-07,NA
"chr16:75000001-80000000",NA,0.233783948642325,4980000,0.000513388559562933,353,60,6.01950256644118e-07,NA
"chr16:80000001-85000000",NA,0.332463392014992,4980000,0.000859284542700444,273,78,3.04794461674921e-07,NA
"chr16:85000001-90000000",NA,0.238753286050423,4980000,-0.00253470896120455,352,76,9.99497139968004e-07,NA
"chr16:90000001-95000000",NA,0.308442090315262,4990000,-0.000366208505117126,432,70,8.7311444203349e-07,NA
"chr16:95000001-98207768",NA,0.989755544253922,3080000,-0.00200274785172715,249,44,7.13386574968561e-07,NA
"chr17:1-5000000",NA,0.761375560366482,1950000,0.0380731601150047,162,32,2.93989835383263e-07,NA
"chr17:5000001-10000000",NA,0.245546993079358,4990000,0.000766724606934689,432,88,1.28410332310289e-06,NA
"chr17:10000001-15000000",NA,0.964959138080712,4990000,0.0347999030727852,416,68,3.69466029854272e-07,NA
"chr17:15000001-20000000",NA,0.625124242416606,4960000,-0.0469191405349312,169,58,6.20311189751417e-07,NA
"chr17:20000001-25000000",NA,0.993476905453733,4950000,0.0100075101911971,236,89,2.43230751703125e-07,NA
"chr17:25000001-30000000",NA,0.356601685376757,4980000,0.0234615363660712,424,72,6.78911000531722e-07,NA
"chr17:30000001-35000000",NA,0.284812516248361,4970000,0.0279452741712276,358,74,6.2704560339325e-07,NA
"chr17:35000001-40000000",NA,0.948093556335406,4950000,0.0550687157679434,190,97,1.39921967642014e-07,NA
"chr17:40000001-45000000",NA,0.923208686406954,4990000,0.0277972533993393,289,56,2.34972689503512e-07,NA
"chr17:45000001-50000000",NA,0.197140258878644,4990000,0.000435613425568597,394,56,7.75964746651299e-07,NA
"chr17:50000001-55000000",NA,0.193123566433683,4970000,0.0310970044919378,279,50,7.19241244592266e-07,NA
"chr17:55000001-60000000",NA,0.357791690280072,4920000,0.0482154911760759,265,82,NA,NA
"chr17:60000001-65000000",NA,0.328400236752517,4990000,-0.0193244335269747,335,68,5.03653757253585e-07,NA
"chr17:65000001-70000000",NA,0.320658707913395,4980000,0.00618999371917623,360,65,1.42932204322147e-06,NA
"chr17:70000001-75000000",NA,0.303349551780303,4990000,0.00182181961019855,388,63,1.10509390379976e-06,NA
"chr17:75000001-80000000",NA,0.210693482822237,4990000,0.000112213924442145,339,55,8.55555273252965e-07,NA
"chr17:80000001-85000000",NA,0.378873599483689,4990000,0.000101796956723218,366,53,1.04961193566422e-06,NA
"chr17:85000001-90000000",NA,0.354252622875255,4980000,0.00178109716331306,373,56,9.04893710141738e-07,NA
"chr17:90000001-94987271",NA,0.989638374172753,4880000,0.0294059368971236,228,75,2.36001394632175e-07,NA
"chr18:1-5000000",NA,0.838478994938457,1870000,0.00092805053679823,107,31,NA,NA
"chr18:5000001-10000000",NA,0.188274050805159,4990000,0.0142340056282181,239,49,2.79258950177228e-07,NA
"chr18:10000001-15000000",NA,0.216117385486336,4990000,0.00225268280464677,353,40,7.72168594880947e-07,NA
"chr18:15000001-20000000",NA,0.245498911235318,4990000,0.0282680313425444,233,47,5.06164674101515e-07,NA
"chr18:20000001-25000000",NA,0.132857147945904,4990000,-0.0163939044393745,341,44,3.60169162478311e-07,NA
"chr18:25000001-30000000",NA,0.29203679801381,4990000,0.0331279254324951,346,44,8.399125169501e-07,NA
"chr18:30000001-35000000",NA,0.321931619474877,4980000,0.00674949993941224,316,43,2.54536086027771e-07,NA
"chr18:35000001-40000000",NA,0.373805032766084,4940000,0.00979070417637015,370,42,5.18314898162257e-07,NA
"chr18:40000001-45000000",NA,0.338328877677533,4990000,0.00664113495901284,354,49,6.46223291714203e-07,NA
"chr18:45000001-50000000",NA,0.166582023700183,4990000,-0.0077766052537329,339,47,5.69381568678982e-07,NA
"chr18:50000001-55000000",NA,0.272620921294657,4990000,-0.00355749521913621,329,52,4.12929543997755e-07,NA
"chr18:55000001-60000000",NA,0.282456203570916,4970000,0.00257836784909963,376,48,1.15092834137366e-06,NA
"chr18:60000001-65000000",NA,0.432159736363217,4970000,-0.0166303700491609,380,57,8.35121927067531e-07,NA
"chr18:65000001-70000000",NA,0.291521761249865,4990000,0.00206231186970455,395,57,1.12657345864327e-06,NA
"chr18:70000001-75000000",NA,0.426205410334334,4960000,0.00109081818069827,343,55,1.57884329127325e-06,NA
"chr18:75000001-80000000",NA,0.456531228389821,4990000,0.0231527482609854,370,52,4.83169598251811e-07,NA
"chr18:80000001-85000000",NA,0.322111611734733,4980000,-0.00596960293660554,418,69,9.4127690753053e-07,NA
"chr18:85000001-90000000",NA,0.216818569205527,4840000,-0.00318927518844784,253,60,3.08927466987861e-07,NA
"chr19:1-5000000",NA,0.969332612090679,1800000,0.0185008197144244,144,31,1.84587404118183e-07,NA
"chr19:5000001-10000000",NA,0.312760574874794,4990000,0.00743874279713456,251,47,4.13398510558476e-07,NA
"chr19:10000001-15000000",NA,0.2037707183832,4990000,0.0265667781736156,298,59,5.35919303414502e-07,NA
"chr19:15000001-20000000",NA,0.277203594795734,4970000,0.019970041162825,343,44,9.43178378690379e-07,NA
"chr19:20000001-25000000",NA,0.178126130711774,4990000,0.00153620865164968,378,54,1.60387837344171e-06,NA
"chr19:25000001-30000000",NA,0.267874833959922,4980000,-6.35829854588575e-05,395,53,9.19563579357639e-07,NA
"chr19:30000001-35000000",NA,0.283967503537482,4990000,0.011003588745518,366,62,1.10605404626838e-06,NA
"chr19:35000001-40000000",NA,0.502542712982135,4990000,0.0112876970043947,298,56,1.02722252844656e-06,NA
"chr19:40000001-45000000",NA,0.833814226226993,4900000,-0.00808177943610504,397,52,8.20992808670448e-07,NA
"chr19:45000001-50000000",NA,0.277255643383183,4980000,0.0212876294064027,400,54,1.29987415347503e-06,NA
"chr19:50000001-55000000",NA,0.296504808808269,4940000,0.00144185137852671,363,61,1.09414029088668e-06,NA
"chr19:55000001-60000000",NA,0.156543584040895,4990000,0.000724862047360506,450,47,1.09112225878602e-06,NA
"chr19:60000001-61431566",NA,0.982495173975078,1310000,0.0456550940457472,92,27,1.94011464118139e-07,NA
"chr2:1-5000000",NA,0.287238025446025,1890000,-0.00156770614357225,151,44,NA,NA
"chr2:5000001-10000000",NA,0.240750003358985,4990000,0.00154415227683167,366,62,7.41960197559981e-07,NA
"chr2:10000001-15000000",NA,0.182727433086768,4980000,0.00031123493713696,332,57,8.73763656045145e-07,NA
"chr2:15000001-20000000",NA,0.261932515123246,4940000,-0.00421084550391915,287,49,3.16955019125492e-07,NA
"chr2:20000001-25000000",NA,0.27502323087658,4980000,-0.00145645395583955,252,47,3.41975132470545e-07,NA
"chr2:25000001-30000000",NA,0.234635382592083,4980000,-0.00057692642235755,426,44,4.30674570043105e-07,NA
"chr2:30000001-35000000",NA,0.295903245334748,4990000,-0.0137889340857777,421,54,2.86600166207736e-07,NA
"chr2:35000001-40000000",NA,0.341089673322483,4960000,0.0150526965194084,301,41,1.68080239516086e-07,NA
"chr2:40000001-45000000",NA,0.200086932385927,4960000,-0.00216667488374019,307,54,5.59094246919973e-07,NA
"chr2:45000001-50000000",NA,0.431582805202662,4980000,0.0107369649666967,313,45,2.68366518535394e-07,NA
"chr2:50000001-55000000",NA,0.154223685091111,4990000,0.00735308681107232,319,45,4.05250174152583e-07,NA
"chr2:55000001-60000000",NA,0.23732438767416,4940000,0.00890893773102172,296,47,5.8486226481177e-07,NA
"chr2:60000001-65000000",NA,0.284444545786675,4990000,0.0104879941012731,368,42,7.85526209452144e-07,NA
"chr2:65000001-70000000",NA,0.248405050451738,4990000,0.0105773587285267,388,51,4.47214480317896e-07,NA
"chr2:70000001-75000000",NA,0.251266738653412,4990000,0.00372375742889428,418,44,5.96210834813101e-07,NA
"chr2:75000001-80000000",NA,0.169214048915291,4990000,0.00187030700634719,436,45,7.36492380214206e-07,NA
"chr2:80000001-85000000",NA,0.175539098697624,4980000,0.0115476447547487,286,51,1.93592416865031e-07,NA
"chr2:85000001-90000000",NA,0.304669874268135,4990000,0.0547308796132748,233,86,1.22485295350447e-07,NA
"chr2:90000001-95000000",NA,0.32294354029322,4970000,-0.00988335046044315,376,46,4.15184628623051e-07,NA
"chr2:95000001-100000000",NA,0.249264658599099,4960000,0.0457093869430144,217,61,2.78217889136996e-07,NA
"chr2:100000001-105000000",NA,0.400076908045615,4930000,-0.045608827229308,356,56,3.21807741107553e-07,NA
"chr2:105000001-110000000",NA,0.196922225436524,4990000,0.00875100408221275,339,42,3.33220714768955e-07,NA
"chr2:110000001-115000000",NA,0.271151990169923,4990000,-0.0154722474098181,329,52,1.87483081759843e-07,NA
"chr2:115000001-120000000",NA,0.326045563802439,4970000,-0.00323627063307076,404,40,4.19082017758389e-07,NA
"chr2:120000001-125000000",NA,0.173428152058702,4980000,-0.00371278116736301,355,50,1.08957542641031e-07,NA
"chr2:125000001-130000000",NA,0.192593172356147,4970000,0.0043977356549003,372,50,3.65986029768642e-07,NA
"chr2:130000001-135000000",NA,0.191038621443602,4990000,0.0115376222918471,345,40,6.30709929593334e-07,NA
"chr2:135000001-140000000",NA,0.312718511888168,4970000,0.000878412216628153,360,39,5.60513431010752e-07,NA
"chr2:140000001-145000000",NA,0.145688673413455,4970000,-0.00704323728071594,371,45,3.6226134413214e-07,NA
"chr2:145000001-150000000",NA,0.255049954525157,4980000,0.0237449284475562,370,52,6.67071463451129e-07,NA
"chr2:150000001-155000000",NA,0.180614411616785,4980000,-0.0210391891929226,324,66,5.55102640132132e-07,NA
"chr2:155000001-160000000",NA,0.286113235590193,4960000,0.0118733499625666,392,49,6.671593442258e-07,NA
"chr2:160000001-165000000",NA,0.20783288385046,4990000,0.0189637340470427,401,39,1.05632092252424e-06,NA
"chr2:165000001-170000000",NA,0.213891506917261,4990000,0.00802437816890384,434,58,9.11117080804983e-07,NA
"chr2:170000001-175000000",NA,0.309515140523645,4930000,0.00236214943747008,405,55,1.65054402639681e-06,NA
"chr2:175000001-180000000",NA,0.984963964057811,4960000,0.141568583548808,196,48,1.73790527203209e-06,NA
"chr2:180000001-182113224",NA,0.947375473839864,1990000,0.021639901992292,169,32,3.95814407554747e-07,NA
"chr3:1-5000000",NA,0.376059497899396,1600000,-0.0220535409777987,39,23,0,NA
"chr3:5000001-10000000",NA,0.263272648948296,4860000,0.00353156685650842,233,58,9.3214072448013e-08,NA
"chr3:10000001-15000000",NA,0.342806598097961,4980000,0.0110006963150998,190,54,1.01861461164304e-07,NA
"chr3:15000001-20000000",NA,0.272135618544458,4990000,-0.0206435319933488,201,50,4.7826904569702e-07,NA
"chr3:20000001-25000000",NA,0.366746191843859,4970000,-0.00282818272475854,229,55,6.57107589154519e-07,NA
"chr3:25000001-30000000",NA,0.279088296591243,4980000,0.00719856778353349,355,54,5.9950840788345e-07,NA
"chr3:30000001-35000000",NA,0.298592931925601,4990000,0.00604555934069324,340,50,6.94001514669431e-07,NA
"chr3:35000001-40000000",NA,0.216986769846519,4990000,-0.00483001601301467,347,51,5.23304570058849e-07,NA
"chr3:40000001-45000000",NA,0.428115708872432,4970000,0.049185905840549,263,51,2.91816032456053e-08,NA
"chr3:45000001-50000000",NA,0.217457274878452,4910000,-0.0279153739983947,237,70,3.31310605691995e-07,NA
"chr3:50000001-55000000",NA,0.169933704209904,4980000,0.00544530982866625,402,51,1.02519444859425e-06,NA
"chr3:55000001-60000000",NA,0.437010539619772,4970000,0.0211040881415764,303,57,5.9378409132383e-07,NA
"chr3:60000001-65000000",NA,0.479864769178859,4990000,0.0300766540985881,255,64,2.22023168515867e-07,NA
"chr3:65000001-70000000",NA,0.329073955006593,4970000,0.0276391601753121,355,53,5.28912958225313e-07,NA
"chr3:70000001-75000000",NA,0.437938764158334,4930000,0.0355542124096856,194,61,2.66048928097634e-07,NA
"chr3:75000001-80000000",NA,0.222938441469172,4980000,0.00398804017084311,261,68,3.11488160709661e-07,NA
"chr3:80000001-85000000",NA,0.384211990755346,4980000,-0.00202940179354873,354,64,5.57974849138628e-07,NA
"chr3:85000001-90000000",NA,0.360085472813103,4990000,0.0192216008291438,374,52,3.55292930130755e-07,NA
"chr3:90000001-95000000",NA,0.216292578542943,4990000,0.0306821550953998,207,73,2.64166309355173e-07,NA
"chr3:95000001-100000000",NA,0.313295035400479,4970000,0.0221700820625181,326,65,5.60030439607981e-07,NA
"chr3:100000001-105000000",NA,0.142579879067966,4970000,0.0187231202412941,361,51,4.82554421329817e-07,NA
"chr3:105000001-110000000",NA,0.304614331929974,4990000,0.00530058105228488,364,48,5.13138702966678e-07,NA
"chr3:110000001-115000000",NA,0.240477129048417,4990000,0.0357066429792586,197,61,2.09300565401181e-07,NA
"chr3:115000001-120000000",NA,0.376911698365036,4990000,0.00644708647441819,371,55,5.91534707880167e-07,NA
"chr3:120000001-125000000",NA,0.421103396404599,4970000,0.0136145695656608,352,57,6.11339933816895e-07,NA
"chr3:125000001-130000000",NA,0.35444270764575,4990000,0.00953040557409546,381,68,8.66626890584496e-07,NA
"chr3:130000001-135000000",NA,0.245686505356481,4990000,-0.00462014371787441,344,57,4.9018724299607e-07,NA
"chr3:135000001-140000000",NA,0.347750151793619,4980000,0.00139023238752587,342,53,5.17610414330104e-07,NA
"chr3:140000001-145000000",NA,0.264621311922101,4990000,0.0202392457310892,381,61,8.78128714499386e-07,NA
"chr3:145000001-150000000",NA,0.276156248555433,4980000,0.00578499044480955,441,49,1.38805862051424e-06,NA
"chr3:150000001-155000000",NA,0.348213824234306,4990000,-0.00871338042069765,409,58,6.82703105455126e-07,NA
"chr3:155000001-160000000",NA,0.314054820915608,4930000,0.0151913893181111,322,46,6.91045732972262e-07,NA
"chr4:1-5000000",NA,0.872865103720044,1890000,0.120877436711546,96,45,NA,NA
"chr4:5000001-10000000",NA,0.404467023393093,4920000,0.0121145788015146,280,47,3.51938144144422e-07,NA
"chr4:10000001-15000000",NA,0.193079492425421,4930000,-0.000463829434348486,326,52,3.91845000001977e-07,NA
"chr4:15000001-20000000",NA,0.317784732969631,4970000,-0.000686643863842986,199,54,1.90285613754362e-07,NA
"chr4:20000001-25000000",NA,0.234903858527037,4960000,0.00372010174743978,241,51,5.4178907524162e-07,NA
"chr4:25000001-30000000",NA,0.527312699617418,4990000,0.0218499214439049,207,54,5.72058292906151e-07,NA
"chr4:30000001-35000000",NA,0.222944265063205,4980000,0.0161321208417161,306,51,8.35737598291663e-07,NA
"chr4:35000001-40000000",NA,0.196743035433946,4990000,0.0299468220658813,235,52,5.37228352307396e-07,NA
"chr4:40000001-45000000",NA,0.240001658407782,4990000,0.00619721723213212,294,51,7.65032127397387e-07,NA
"chr4:45000001-50000000",NA,0.210139129365637,4980000,-0.00242164497062784,377,43,6.48119334323638e-07,NA
"chr4:50000001-55000000",NA,0.331127356231547,4970000,0.00132655820558519,269,46,5.57448592653113e-07,NA
"chr4:55000001-60000000",NA,0.460935955733372,4940000,0.00967517401212779,405,49,5.56905095983695e-07,NA
"chr4:60000001-65000000",NA,0.870446358431263,4990000,0.048810117447443,224,49,3.53470757496906e-07,NA
"chr4:65000001-70000000",NA,0.313549707914802,4940000,-0.00606335471421598,314,57,2.108347620162e-07,NA
"chr4:70000001-75000000",NA,0.224786592918707,4900000,0.0219771704726292,164,42,8.36032645149281e-08,NA
"chr4:75000001-80000000",NA,0.341923641623226,4950000,-0.0172355411748067,255,57,2.54668320618976e-07,NA
"chr4:80000001-85000000",NA,0.567874055502741,4990000,0.030011464973588,324,45,5.08198970392626e-07,NA
"chr4:85000001-90000000",NA,0.239663807664565,4990000,0.00991527918657161,346,47,5.2913622546139e-07,NA
"chr4:90000001-95000000",NA,0.22086187974512,4990000,-0.0113154900785665,267,48,2.47743785156183e-07,NA
"chr4:95000001-100000000",NA,0.154705742157519,4980000,0.0136001060978485,345,52,4.63946731818867e-07,NA
"chr4:100000001-105000000",NA,0.206986668487426,4990000,0.00403323806067856,393,43,5.90265242399483e-07,NA
"chr4:105000001-110000000",NA,0.2103267615476,4980000,0.0186355427684418,361,54,4.6105306041015e-07,NA
"chr4:110000001-115000000",NA,0.300153206453283,4970000,0.0125662903617913,184,45,1.93882198635016e-07,NA
"chr4:115000001-120000000",NA,0.237363141983683,4990000,-0.00308539012856282,329,47,6.51098950962707e-07,NA
"chr4:120000001-125000000",NA,0.252835039564711,4990000,0.0164159237136599,275,39,3.38406056993249e-07,NA
"chr4:125000001-130000000",NA,0.25131673669707,4990000,0.0149896936394723,383,51,9.71403973944609e-07,NA
"chr4:130000001-135000000",NA,0.338740722543067,4980000,0.027354101449227,367,56,8.42183494777886e-07,NA
"chr4:135000001-140000000",NA,0.19258724160191,4990000,-0.00159751773814501,420,60,8.06475668844051e-07,NA
"chr4:140000001-145000000",NA,0.267991732332961,4990000,0.0531359448823726,341,67,1.58639952709196e-06,NA
"chr4:145000001-150000000",NA,0.132293943328782,4990000,-0.0403563480876371,293,103,3.16723372620925e-07,NA
"chr4:150000001-155000000",NA,0.277456836886487,4990000,-0.0113271048805135,455,55,8.06940549668988e-07,NA
"chr4:155000001-156508116",NA,0.325755225243465,1250000,0.0193262475326328,113,30,2.52811166907081e-06,NA
"chr5:1-5000000",NA,0.586244006818155,1990000,-0.0177676390644784,135,53,4.16961962749343e-07,NA
"chr5:5000001-10000000",NA,0.194383496998475,4990000,0.00470904590212485,252,51,1.30573666631298e-07,NA
"chr5:10000001-15000000",NA,0.950337858068341,4960000,-0.0858978990512408,259,79,6.73336807525054e-07,NA
"chr5:15000001-20000000",NA,0.968815362392077,4960000,0.0331514183451788,269,70,5.89725841958868e-07,NA
"chr5:20000001-25000000",NA,0.224514456165217,4990000,0.0172104376003736,359,58,5.30608967844618e-07,NA
"chr5:25000001-30000000",NA,0.162852821478599,4990000,-0.0131774433715401,318,57,6.56517995204508e-07,NA
"chr5:30000001-35000000",NA,0.19308205038722,4990000,-0.0110840243647698,369,54,2.98038709516713e-07,NA
"chr5:35000001-40000000",NA,0.25604611326913,4990000,0.0158244664884743,433,45,6.62736615486362e-07,NA
"chr5:40000001-45000000",NA,0.290523985536631,4970000,-0.00146089609216136,310,45,5.99716510200553e-07,NA
"chr5:45000001-50000000",NA,0.223334193200204,4990000,0.0187022470767418,339,47,2.8596009434174e-07,NA
"chr5:50000001-55000000",NA,0.316400758409035,4970000,0.0070811922975991,379,44,8.74711401562436e-07,NA
"chr5:55000001-60000000",NA,0.332863055814533,4980000,0.00938959249245377,233,52,2.5939147408841e-07,NA
"chr5:60000001-65000000",NA,0.625502909038334,4970000,0.0553993794184586,280,61,3.41892233899061e-07,NA
"chr5:65000001-70000000",NA,0.385245274130486,4970000,-0.0109485418852364,352,57,8.12040865337641e-07,NA
"chr5:70000001-75000000",NA,0.313949342152052,4980000,0.000281577862196668,354,61,5.34742378442697e-07,NA
"chr5:75000001-80000000",NA,0.553994232128918,4980000,0.0174225613181827,324,48,5.91627803963372e-07,NA
"chr5:80000001-85000000",NA,0.456536484132805,4980000,0.0248479109206437,301,63,1.32496612395803e-07,NA
"chr5:85000001-90000000",NA,0.267316471541748,4980000,0.0145818843875958,291,72,2.31748996289837e-07,NA
"chr5:90000001-95000000",NA,0.990280560343367,4420000,0.0251858491116201,268,52,1.04198052025597e-06,NA
"chr5:95000001-100000000",NA,0.988832817392902,4870000,0.0325706648288098,328,56,3.34609958962933e-07,NA
"chr5:100000001-105000000",NA,0.344770808580074,4950000,0.00976661052038546,373,71,5.98866349668375e-07,NA
"chr5:105000001-110000000",NA,0.727437301465945,4990000,0.0542437063203912,292,79,7.31381657290835e-07,NA
"chr5:110000001-115000000",NA,0.56983872257931,4880000,-0.0262976217963877,432,69,6.66271206924702e-07,NA
"chr5:115000001-120000000",NA,0.24825582590742,4990000,-0.0175555005354022,425,70,1.08460271866205e-06,NA
"chr5:120000001-125000000",NA,0.354037122144026,4990000,-0.00235072941645799,411,74,9.51939531127717e-07,NA
"chr5:125000001-130000000",NA,0.194529098656559,4990000,0.00336463670214825,412,45,1.12876808792953e-06,NA
"chr5:130000001-135000000",NA,0.295189217237237,4980000,-0.00232819057277413,288,38,1.11012203832519e-06,NA
"chr5:135000001-140000000",NA,0.282004847335935,4970000,0.015386397581771,334,62,8.5541814632447e-07,NA
"chr5:140000001-145000000",NA,0.287471797156396,4960000,-0.00443639216011969,307,45,1.27287140269564e-06,NA
"chr5:145000001-150000000",NA,0.939800052901183,4960000,0.0188981163185183,340,73,1.0125784796562e-06,NA
"chr5:150000001-151834684",NA,0.364124293119303,1710000,0.00954021641968243,124,32,NA,NA
"chr6:1-5000000",NA,0.909669095342196,1920000,0.0811013987655924,137,51,-3.1562816928663e-37,NA
"chr6:5000001-10000000",NA,0.183929820091037,4920000,0.00442163350371117,312,52,6.12897143115023e-07,NA
"chr6:10000001-15000000",NA,0.424026770550905,4880000,0.0142607365446817,226,59,3.57202833375807e-07,NA
"chr6:15000001-20000000",NA,0.406888668689217,4890000,0.00204314810855218,323,58,3.04900521458095e-07,NA
"chr6:20000001-25000000",NA,0.316694769278962,4950000,0.0276270905834392,296,58,7.76724350318148e-07,NA
"chr6:25000001-30000000",NA,0.390013817987459,4980000,-0.0127076095237127,316,54,1.49707880853003e-07,NA
"chr6:30000001-35000000",NA,0.264998116731044,4950000,0.0145556448234193,414,56,6.81253903808912e-07,NA
"chr6:35000001-40000000",NA,0.286281835004505,4980000,-0.00680454358642923,351,43,8.17081681472877e-07,NA
"chr6:40000001-45000000",NA,0.39567808549738,4990000,0.0258092049659697,282,65,7.31682969986896e-07,NA
"chr6:45000001-50000000",NA,0.380579867280617,4980000,0.0185076945299423,350,60,5.15726112961776e-07,NA
"chr6:50000001-55000000",NA,0.248618591136685,4990000,-0.000353007518996694,433,39,6.45326192365166e-07,NA
"chr6:55000001-60000000",NA,0.920716288287895,4990000,0.0642025789827646,224,63,2.49802050729697e-07,NA
"chr6:60000001-65000000",NA,0.87551524707356,4980000,0.00959576631392975,267,48,2.43923554964461e-07,NA
"chr6:65000001-70000000",NA,0.515213624579164,4880000,0.113030136417386,200,82,NA,NA
"chr6:70000001-75000000",NA,0.573050952894516,4890000,-0.0416695298961721,260,53,9.89035695147995e-08,NA
"chr6:75000001-80000000",NA,0.203179320679316,4960000,-0.00349719619463475,267,55,8.81180104772584e-07,NA
"chr6:80000001-85000000",NA,0.242648128060037,4980000,0.0107429047375409,359,48,2.97366150093839e-07,NA
"chr6:85000001-90000000",NA,0.894483964865425,4930000,-0.000611953198463016,377,61,7.38886789485711e-07,NA
"chr6:90000001-95000000",NA,0.957456858399765,4970000,0.0197030791845026,421,45,7.40442063152173e-07,NA
"chr6:95000001-100000000",NA,0.228926526916322,4990000,-0.00604904387729462,412,34,3.72895190818514e-07,NA
"chr6:100000001-105000000",NA,0.294484779189844,4990000,0.00684722787754728,354,54,5.20505277699566e-07,NA
"chr6:105000001-110000000",NA,0.219605215089712,4980000,0.00172083278364989,319,48,3.03293850378929e-07,NA
"chr6:110000001-115000000",NA,0.251011292920298,4980000,0.0108196050755519,384,56,4.89319607010252e-07,NA
"chr6:115000001-120000000",NA,0.312288827564469,4980000,0.0127641401855987,364,48,8.37974471194286e-07,NA
"chr6:120000001-125000000",NA,0.394351690931533,4990000,0.0300683491042515,248,71,5.31618505569771e-07,NA
"chr6:125000001-130000000",NA,0.947129765797066,4980000,0.0454557091107398,373,77,1.07691018804706e-06,NA
"chr6:130000001-135000000",NA,0.949834907955539,4980000,0.0859961679221065,185,92,4.73983211628103e-07,NA
"chr6:135000001-140000000",NA,0.242720998153345,4980000,0.00715250303284293,380,53,9.22315709715888e-07,NA
"chr6:140000001-145000000",NA,0.304035994899913,4990000,-0.00350420702008683,390,62,1.55870902689344e-06,NA
"chr6:145000001-149736546",NA,0.282034018406166,4560000,0.00649027014616534,338,47,3.51480014115914e-07,NA
"chr7:1-5000000",NA,0.927194430198833,1980000,0.0257624216409266,80,42,NA,NA
"chr7:5000001-10000000",NA,0.987534727318705,4980000,0.15646567723602,129,58,NA,NA
"chr7:10000001-15000000",NA,0.407442305438689,4560000,0.0434313671549246,122,78,NA,NA
"chr7:15000001-20000000",NA,0.357426029159628,4140000,0.00953495718986195,212,66,2.07429195653417e-07,NA
"chr7:20000001-25000000",NA,0.441288544719,4970000,-0.121391802289959,97,57,4.16741093417236e-06,NA
"chr7:25000001-30000000",NA,0.435543558265108,4990000,-0.00364480268553081,268,57,8.30752021592325e-07,NA
"chr7:30000001-35000000",NA,0.495626182864297,4990000,0.0409486522509522,160,49,3.62859099024456e-07,NA
"chr7:35000001-40000000",NA,0.279531767988539,4960000,0.0756342898380943,346,76,1.09024033329444e-06,NA
"chr7:40000001-45000000",NA,0.355393274119298,4980000,0.0462131022867249,217,73,3.94289765025688e-07,NA
"chr7:45000001-50000000",NA,0.218820345465027,4970000,0.0286390838629547,329,59,4.98414300458127e-07,NA
"chr7:50000001-55000000",NA,0.161865787750399,4960000,0.0366313065745408,302,59,1.8908311162638e-07,NA
"chr7:55000001-60000000",NA,0.387450557870226,4980000,0.0935725019502555,244,67,1.14277671069786e-07,NA
"chr7:60000001-65000000",NA,0.392186974052264,4990000,-0.154550032156237,224,82,NA,NA
"chr7:65000001-70000000",NA,0.316515662034812,4980000,0.00824208693287951,366,42,7.11408253725209e-07,NA
"chr7:70000001-75000000",NA,0.318563359916479,4970000,0.00821300541003414,391,49,9.9389755248136e-07,NA
"chr7:75000001-80000000",NA,0.244836226694881,4910000,0.00627966241123116,343,45,3.39697954084657e-07,NA
"chr7:80000001-85000000",NA,0.612001736530186,4940000,0.0172808866040606,366,45,7.00556357050905e-07,NA
"chr7:85000001-90000000",NA,0.995467578504351,4840000,0.0701535722981964,214,57,3.46597024748133e-07,NA
"chr7:90000001-95000000",NA,0.3727655475723,4990000,-0.00782133479294837,342,53,3.26254980315909e-07,NA
"chr7:95000001-100000000",NA,0.300735511365735,4980000,0.00232048044385395,387,44,4.67129980371824e-07,NA
"chr7:100000001-105000000",NA,0.446848441892201,4990000,0.0531334799516818,326,49,2.61680655023051e-07,NA
"chr7:105000001-110000000",NA,0.292048033643349,4980000,0.00657044635455351,262,63,4.12135534024087e-07,NA
"chr7:110000001-115000000",NA,0.468456095677573,4970000,0.0157964690240086,380,46,5.10825262556981e-07,NA
"chr7:115000001-120000000",NA,0.191414690715121,4980000,0.00886014066824159,369,38,7.31087271408559e-07,NA
"chr7:120000001-125000000",NA,0.293628672491907,4960000,-2.1333594111269e-05,340,41,8.64909110779316e-07,NA
"chr7:125000001-130000000",NA,0.142051349970262,4990000,-0.00532873948412322,343,44,7.98723848007015e-07,NA
"chr7:130000001-135000000",NA,0.182231795665977,4990000,-0.00459368519445726,434,45,1.57270632901226e-06,NA
"chr7:135000001-140000000",NA,0.330986503181115,4990000,-0.00206223525461207,446,40,8.17697376641092e-07,NA
"chr7:140000001-145000000",NA,0.255978268882147,4990000,-0.0124364083925089,378,46,4.15423611907356e-07,NA
"chr7:145000001-145441459",NA,0.263390442826955,330000,0.0246394071090998,33,16,NA,NA
"chr8:1-5000000",NA,0.916708044996709,1880000,0.0349551685268553,68,29,NA,NA
"chr8:5000001-10000000",NA,0.278548502031971,4990000,0.000521957857162057,353,49,4.96185314211477e-07,NA
"chr8:10000001-15000000",NA,0.175116209463833,4990000,0.0101337112472829,457,71,5.87702345565706e-07,NA
"chr8:15000001-20000000",NA,0.918154482244394,4990000,0.0734306195406394,374,79,6.15572641272567e-07,NA
"chr8:20000001-25000000",NA,0.907503380375418,4990000,0.0937182263338898,273,83,7.11791754517446e-07,NA
"chr8:25000001-30000000",NA,0.208075529437112,4990000,0.00360673013792338,342,47,6.8343146490256e-07,NA
"chr8:30000001-35000000",NA,0.33249389950545,4930000,0.0121314456962176,350,52,1.00130511679534e-06,NA
"chr8:35000001-40000000",NA,0.287788360245446,4970000,0.0194815149519041,338,54,5.26015522440305e-07,NA
"chr8:40000001-45000000",NA,0.246415275367123,4990000,-0.00219392674998111,303,49,1.02785089764181e-07,NA
"chr8:45000001-50000000",NA,0.302527045298503,4990000,-0.00464446290332849,416,56,4.68884655291247e-07,NA
"chr8:50000001-55000000",NA,0.138882635507173,4990000,0.00120919699702599,291,62,1.05714167292986e-07,NA
"chr8:55000001-60000000",NA,0.296536427624758,4970000,-0.0421203620098876,255,58,4.20473796749407e-07,NA
"chr8:60000001-65000000",NA,0.405174311193833,4950000,0.00402888363847607,279,48,3.75541030748652e-07,NA
"chr8:65000001-70000000",NA,0.432980277717101,4990000,0.0400867162440257,280,59,2.73988946314058e-07,NA
"chr8:70000001-75000000",NA,0.431443350780025,4980000,-0.00146649601325021,266,46,3.64792931126491e-07,NA
"chr8:75000001-80000000",NA,0.411794569309224,4990000,-0.00508615451640251,327,46,4.93081495623862e-07,NA
"chr8:80000001-85000000",NA,0.200289409629304,4990000,0.00451245070542156,340,52,6.07062704237876e-07,NA
"chr8:85000001-90000000",NA,0.343245125002057,4990000,0.0108933816129138,363,43,5.39520363638721e-07,NA
"chr8:90000001-95000000",NA,0.209954116059004,4990000,0.00354975467629783,415,50,6.23164991410582e-07,NA
"chr8:95000001-100000000",NA,0.163854864699415,4980000,0.0326832525891227,308,47,5.35359619059449e-07,NA
"chr8:100000001-105000000",NA,0.350922880770073,4990000,0.0295982243119233,336,61,8.53464522809735e-07,NA
"chr8:105000001-110000000",NA,0.147937028041052,4980000,-0.0194534547618931,398,61,1.23280090812043e-06,NA
"chr8:110000001-115000000",NA,0.254632031961708,4970000,0.00264222731812945,393,56,7.35988699829441e-07,NA
"chr8:115000001-120000000",NA,0.252066134695404,4990000,0.00564986985100367,435,55,1.19466221321694e-06,NA
"chr8:120000001-125000000",NA,0.337482216485098,4960000,0.0254586459867344,460,73,6.91772088880827e-07,NA
"chr8:125000001-129401213",NA,0.986313799604314,4250000,0.0255955473077179,343,42,7.44294955402709e-07,NA
"chr9:1-5000000",NA,0.973431368668468,1920000,0.0484451619421545,59,35,NA,NA
"chr9:5000001-10000000",NA,0.349559457496892,4980000,0.0129719580316272,206,48,1.8324440409645e-37,NA
"chr9:10000001-15000000",NA,0.243396470089028,4990000,-0.0118173274482276,269,41,2.30672930279674e-07,NA
"chr9:15000001-20000000",NA,0.462721296880048,4940000,0.0202759908460704,236,41,7.9924007674695e-07,NA
"chr9:20000001-25000000",NA,0.656327180236455,4970000,0.0372933980870993,298,48,NA,NA
"chr9:25000001-30000000",NA,0.394822346091042,4990000,0.00606414543636154,362,38,1.30712584012842e-06,NA
"chr9:30000001-35000000",NA,0.279048019616087,4990000,0.00789240527304629,359,44,6.1146864812537e-07,NA
"chr9:35000001-40000000",NA,0.334183177092488,4990000,0.0378238257647812,233,59,1.51000651252987e-07,NA
"chr9:40000001-45000000",NA,0.224882780405706,4980000,0.00259680323303942,425,45,7.50880108232165e-07,NA
"chr9:45000001-50000000",NA,0.240938574435165,4990000,-0.00121484819274548,433,43,4.4549476270776e-07,NA
"chr9:50000001-55000000",NA,0.525202971545191,4990000,0.0149496773314353,386,46,5.21427102033292e-07,NA
"chr9:55000001-60000000",NA,0.115110571781345,4990000,-0.0041515170348735,371,49,5.82490272452793e-07,NA
"chr9:60000001-65000000",NA,0.0862581597375788,4990000,-0.00426865631832025,416,47,4.43488311945218e-07,NA
"chr9:65000001-70000000",NA,0.346022027564344,4990000,0.0099234976316438,438,46,1.14592941706158e-06,NA
"chr9:70000001-75000000",NA,0.25444509265206,4990000,-0.0020944699197286,383,55,4.64048999050522e-07,NA
"chr9:75000001-80000000",NA,0.318866777016837,4990000,0.0212685713489309,364,59,3.96067868923028e-07,NA
"chr9:80000001-85000000",NA,0.361720727180285,4980000,0.00415035148890752,306,50,4.42620798174645e-07,NA
"chr9:85000001-90000000",NA,0.387100778503348,4990000,0.0216288945692314,348,63,2.77053124001729e-07,NA
"chr9:90000001-95000000",NA,0.316842116862897,4990000,-0.000584356256099882,279,40,2.80086139852711e-07,NA
"chr9:95000001-100000000",NA,0.18505648327501,4980000,0.00644745864574774,389,48,4.40627134807123e-07,NA
"chr9:100000001-105000000",NA,0.183337858176471,4990000,-0.000602213097604016,381,46,9.7648186583174e-07,NA
"chr9:105000001-110000000",NA,0.456191604591885,4970000,0.042325873135173,348,53,7.64951305224079e-07,NA
"chr9:110000001-115000000",NA,0.247795765176067,4980000,0.0133749884771632,379,63,1.18735561383808e-06,NA
"chr9:115000001-120000000",NA,0.233342221003824,4970000,-0.00374655761283977,424,53,8.55219638973082e-07,NA
"chr9:120000001-124595110",NA,0.958850881105271,4470000,0.0214285935590771,336,58,8.64774334526574e-07,NA
"chrX:5000001-10000000",NA,0.485546770354284,4600000,0.0681549108183323,192,53,NA,NA
"chrX:10000001-15000000",NA,0.186404131902028,4970000,0.00015323646945309,260,37,NA,NA
"chrX:15000001-20000000",NA,0.234917462157853,4820000,0.000890010619313574,106,31,NA,NA
"chrX:20000001-25000000",NA,0.728549981905244,3980000,0.0299360908522617,127,34,NA,NA
"chrX:35000001-40000000",NA,0.456951440592674,4190000,0.0145808768151962,188,63,NA,NA
"chrX:40000001-45000000",NA,0.338259098814452,4860000,0.0126958068242438,178,36,NA,NA
"chrX:45000001-50000000",NA,0.251721290010131,4840000,0.0201680246205829,183,39,5.13463358370093e-07,NA
"chrX:50000001-55000000",NA,0.958952277226947,4240000,0.0103905315199663,236,49,9.65480928595665e-07,NA
"chrX:55000001-60000000",NA,0.951579494032979,4130000,0.0700359036216127,215,45,1.12002718087345e-06,NA
"chrX:60000001-65000000",NA,0.272256813608023,4940000,0.0297944097875912,152,43,1.55110507858924e-07,NA
"chrX:65000001-70000000",NA,0.335013228189066,4850000,0.0315466889653535,144,44,1.669046924131e-07,NA
"chrX:70000001-75000000",NA,0.751182752520363,4960000,0.0414200666860478,272,67,4.57865971488209e-07,NA
"chrX:75000001-80000000",NA,0.320411661695117,4990000,-0.0059346701377747,137,56,2.47009545352944e-08,NA
"chrX:80000001-85000000",NA,0.348153602465954,4900000,0.00275900213447817,176,44,1.58216905923067e-07,NA
"chrX:85000001-90000000",NA,0.393975165366814,4970000,0.0371323757344339,198,47,1.61415945305374e-07,NA
"chrX:90000001-95000000",NA,0.302066632495196,4930000,-0.0438361158539331,162,49,3.90298401586176e-07,NA
"chrX:95000001-100000000",NA,0.138308089897941,4950000,-0.000101291756497184,168,27,2.92378696975616e-07,NA
"chrX:100000001-105000000",NA,0.207328073892591,4760000,0.0332003851566176,218,51,8.50530627095741e-07,NA
"chrX:105000001-110000000",NA,0.536274797569936,4910000,0.00979010758841098,157,37,2.35001185768057e-07,NA
"chrX:110000001-115000000",NA,0.261765693261928,4810000,-0.000824864095574231,151,39,3.83227295891446e-07,NA
"chrX:115000001-120000000",NA,0.198444207707034,4910000,0.0534697594617199,66,36,2.97290465968613e-08,NA
"chrX:120000001-125000000",NA,0.968352404469814,4910000,0.193373798879878,96,61,1.12658479359325e-07,NA
"chrX:125000001-130000000",NA,0.904195755094532,4990000,0.17879380760751,103,45,0,NA
"chrX:130000001-135000000",NA,0.185982295279623,4990000,0.00333146204808274,235,38,7.4335818745706e-07,NA
"chrX:135000001-140000000",NA,0.176593480069577,4990000,-0.0872510703304332,257,66,1.04329123317681e-06,NA
"chrX:140000001-145000000",NA,0.240745850737349,4980000,0.00787771024724541,286,42,NA,NA
"chrX:145000001-150000000",NA,0.984597478053121,4840000,0.102480008057439,114,45,NA,NA
"chrX:150000001-155000000",NA,0.939183219705513,4830000,-0.00463803971542318,164,51,7.91725872359253e-07,NA
"chrX:155000001-160000000",NA,0.976535989924568,4960000,0.0265792911912376,222,39,3.13036568926313e-07,NA
"chrX:160000001-165000000",NA,0.312835519632128,4990000,-0.00541206726872665,270,45,6.76310855965965e-07,NA
"chrX:165000001-170000000",NA,0.561075483408383,4980000,-0.00246256858889367,295,42,6.15172477855154e-07,NA
